rolling_window,feature_group,evaluation,test_season,rows,accuracy,log_loss,brier_score
expanding,all,walk_forward,2020,256,0.546875,0.6892858760616902,0.24453242263276226
expanding,all,walk_forward,2021,272,0.6029411764705882,0.6626031758681636,0.23510055586324505
expanding,all,walk_forward,2022,271,0.5867158671586716,0.6677908864794718,0.23759871746228997
expanding,all,walk_forward,2023,272,0.5588235294117647,0.6783119596134017,0.24264827896771066
expanding,all,walk_forward,2024,272,0.6102941176470589,0.6539425459642347,0.23109940289929776
expanding,all,walk_forward,2025,272,0.5845588235294118,0.6730007222297749,0.24026916020420977
expanding,all,fixed_holdout,all,544,0.5955882352941176,0.6631401421699217,0.23552477315068884
expanding,epa,walk_forward,2020,256,0.54296875,0.6770697859279861,0.2422706128817273
expanding,epa,walk_forward,2021,272,0.5955882352941176,0.6631415040755906,0.23536388704887504
expanding,epa,walk_forward,2022,271,0.5830258302583026,0.6676698381279071,0.23755159617813085
expanding,epa,walk_forward,2023,272,0.5477941176470589,0.6787261994882662,0.24284274100501665
expanding,epa,walk_forward,2024,272,0.6066176470588235,0.6533793170947924,0.23081324328484562
expanding,epa,walk_forward,2025,272,0.5882352941176471,0.673142006344652,0.2403461878868395
expanding,epa,fixed_holdout,all,544,0.5955882352941176,0.6630439237795647,0.235475078155284
expanding,epa_pace,walk_forward,2020,256,0.54296875,0.6777326005078597,0.24258029732396313
expanding,epa_pace,walk_forward,2021,272,0.6029411764705882,0.6629908938871436,0.2352774364795078
expanding,epa_pace,walk_forward,2022,271,0.5830258302583026,0.6680697531318407,0.23773790248817206
expanding,epa_pace,walk_forward,2023,272,0.5551470588235294,0.6789521859141822,0.24293937927824166
expanding,epa_pace,walk_forward,2024,272,0.6029411764705882,0.6538261710263938,0.23103276277364634
expanding,epa_pace,walk_forward,2025,272,0.5845588235294118,0.6730112824081378,0.24028379571202046
expanding,epa_pace,fixed_holdout,all,544,0.59375,0.6630935992924815,0.23550158366821586
expanding,epa_rest,walk_forward,2020,256,0.546875,0.6884890931229276,0.2441919831247878
expanding,epa_rest,walk_forward,2021,272,0.5992647058823529,0.6627614257694375,0.23519115728779144
expanding,epa_rest,walk_forward,2022,271,0.5867158671586716,0.6673934881653397,0.23741354753124622
expanding,epa_rest,walk_forward,2023,272,0.5514705882352942,0.6780826586274808,0.24254938655074856
expanding,epa_rest,walk_forward,2024,272,0.6102941176470589,0.653488614845132,0.23087664019903772
expanding,epa_rest,walk_forward,2025,272,0.5882352941176471,0.6731324918846533,0.24033208714078547
expanding,epa_rest,fixed_holdout,all,544,0.5955882352941176,0.6630890749478917,0.23549767727767912
expanding,pace,walk_forward,2020,256,0.4921875,0.7071093394178566,0.25686573408735147
expanding,pace,walk_forward,2021,272,0.5110294117647058,0.6913726597449806,0.24912292923677082
expanding,pace,walk_forward,2022,271,0.5682656826568265,0.6825518485180244,0.24473010193572708
expanding,pace,walk_forward,2023,272,0.5551470588235294,0.6843941937523008,0.24565979152588446
expanding,pace,walk_forward,2024,272,0.5330882352941176,0.6834705388332581,0.24519521325513996
expanding,pace,walk_forward,2025,272,0.5551470588235294,0.6880562009294378,0.24746150149088972
expanding,pace,fixed_holdout,all,544,0.5386029411764706,0.6858906080328238,0.24639181795229265
expanding,rest,walk_forward,2020,256,0.49609375,0.7126913308537167,0.25642379687841
expanding,rest,walk_forward,2021,272,0.5147058823529411,0.6945854227429561,0.25071460041243204
expanding,rest,walk_forward,2022,271,0.5571955719557196,0.6868441160764971,0.2468547582886956
expanding,rest,walk_forward,2023,272,0.5551470588235294,0.6868071184512159,0.24683689590395322
expanding,rest,walk_forward,2024,272,0.5330882352941176,0.6913849022582224,0.2491175886075411
expanding,rest,walk_forward,2025,272,0.5367647058823529,0.6904029372340114,0.24862930092851876
expanding,rest,fixed_holdout,all,544,0.5349264705882353,0.6909151317527945,0.2488839822943498
3,all,walk_forward,2020,256,0.6015625,0.6670091529280788,0.23639502905611648
3,all,walk_forward,2021,272,0.5882352941176471,0.6770181336854106,0.24156860401554656
3,all,walk_forward,2022,271,0.5904059040590406,0.6629415366184732,0.23518416605305928
3,all,walk_forward,2023,272,0.5477941176470589,0.6738486281407967,0.24064218411547078
3,all,walk_forward,2024,272,0.6286764705882353,0.6403477055092779,0.2248205711122479
3,all,walk_forward,2025,272,0.6139705882352942,0.6465101409005619,0.22807867599890402
3,all,fixed_holdout,all,544,0.6268382352941176,0.6429685222637103,0.22618863255970148
3,epa,walk_forward,2020,256,0.59375,0.6582783578674577,0.23310804635345794
3,epa,walk_forward,2021,272,0.5955882352941176,0.6750502750051379,0.24067566316187494
3,epa,walk_forward,2022,271,0.5867158671586716,0.6626711798024784,0.23506174499426125
3,epa,walk_forward,2023,272,0.5625,0.6752141148128459,0.2412788871113855
3,epa,walk_forward,2024,272,0.6213235294117647,0.6402757505906569,0.2247615312515177
3,epa,walk_forward,2025,272,0.6139705882352942,0.6475368662724269,0.22851154016133912
3,epa,fixed_holdout,all,544,0.6194852941176471,0.643535027007135,0.22641907557145666
3,epa_pace,walk_forward,2020,256,0.59765625,0.6599466478563201,0.23393862603785995
3,epa_pace,walk_forward,2021,272,0.5919117647058824,0.6773442031303778,0.24171266726618063
3,epa_pace,walk_forward,2022,271,0.5940959409594095,0.6630646771009385,0.23524320136297142
3,epa_pace,walk_forward,2023,272,0.5514705882352942,0.6745245699929766,0.24097078666101263
3,epa_pace,walk_forward,2024,272,0.6286764705882353,0.6403229549581682,0.22482228210521676
3,epa_pace,walk_forward,2025,272,0.6139705882352942,0.6464672135765908,0.22803615903337549
3,epa_pace,fixed_holdout,all,544,0.6268382352941176,0.6429545850568146,0.22617753295208795
3,epa_rest,walk_forward,2020,256,0.6015625,0.6652142423059615,0.23548022076169528
3,epa_rest,walk_forward,2021,272,0.5882352941176471,0.6747430210485458,0.24054198275768807
3,epa_rest,walk_forward,2022,271,0.5867158671586716,0.6625719210663455,0.23501381808341124
3,epa_rest,walk_forward,2023,272,0.5625,0.6745456740018776,0.2409540632882947
3,epa_rest,walk_forward,2024,272,0.6286764705882353,0.6402893612988924,0.22475211113178073
3,epa_rest,walk_forward,2025,272,0.6139705882352942,0.6475765633684242,0.22855392678048142
3,epa_rest,fixed_holdout,all,544,0.6231617647058824,0.6435442909992952,0.22642780888790132
3,pace,walk_forward,2020,256,0.50390625,0.7103963149959969,0.25848891975863547
3,pace,walk_forward,2021,272,0.5183823529411765,0.6903252500490873,0.2486060745479873
3,pace,walk_forward,2022,271,0.5940959409594095,0.6805202743266594,0.24372387801408943
3,pace,walk_forward,2023,272,0.5551470588235294,0.6843786562419948,0.24564093414475732
3,pace,walk_forward,2024,272,0.5514705882352942,0.6888777145423091,0.24789658410368823
3,pace,walk_forward,2025,272,0.5588235294117647,0.681384994269755,0.2441756542691111
3,pace,fixed_holdout,all,544,0.5569852941176471,0.6851893078332791,0.2460654109369933
3,rest,walk_forward,2020,256,0.49609375,0.7126913308537167,0.25642379687841
3,rest,walk_forward,2021,272,0.5147058823529411,0.6945854227429561,0.25071460041243204
3,rest,walk_forward,2022,271,0.5571955719557196,0.6868441160764971,0.2468547582886956
3,rest,walk_forward,2023,272,0.5551470588235294,0.6868071184512159,0.24683689590395322
3,rest,walk_forward,2024,272,0.5330882352941176,0.6913849022582224,0.2491175886075411
3,rest,walk_forward,2025,272,0.5367647058823529,0.6904029372340114,0.24862930092851876
3,rest,fixed_holdout,all,544,0.5349264705882353,0.6909151317527945,0.2488839822943498
5,all,walk_forward,2020,256,0.62109375,0.6629673431543603,0.23429665552146045
5,all,walk_forward,2021,272,0.5919117647058824,0.6639035673466891,0.235187583489165
5,all,walk_forward,2022,271,0.6273062730627307,0.6507472136088811,0.229293860466309
5,all,walk_forward,2023,272,0.6176470588235294,0.6626874567478582,0.23521737297302855
5,all,walk_forward,2024,272,0.6397058823529411,0.6429998556685196,0.2256686168260381
5,all,walk_forward,2025,272,0.6323529411764706,0.6255562656349816,0.21844818185402004
5,all,fixed_holdout,all,544,0.6378676470588235,0.6338355841472743,0.22184071445533923
5,epa,walk_forward,2020,256,0.63671875,0.6512476366027125,0.2301771887196889
5,epa,walk_forward,2021,272,0.5955882352941176,0.6632856798780554,0.23490551712096333
5,epa,walk_forward,2022,271,0.6273062730627307,0.6513985462372485,0.22959359663447304
5,epa,walk_forward,2023,272,0.6286764705882353,0.6636492356356406,0.23561016309650876
5,epa,walk_forward,2024,272,0.6507352941176471,0.6428657640902031,0.22557436865290248
5,epa,walk_forward,2025,272,0.6360294117647058,0.6258777573874501,0.21848670985152774
5,epa,fixed_holdout,all,544,0.6452205882352942,0.6339698334060417,0.22182894736603748
5,epa_pace,walk_forward,2020,256,0.625,0.6547610830399007,0.23187110139519468
5,epa_pace,walk_forward,2021,272,0.5955882352941176,0.6641315227735834,0.23528477663380765
5,epa_pace,walk_forward,2022,271,0.6309963099630996,0.6507672256127306,0.22929215581647536
5,epa_pace,walk_forward,2023,272,0.6066176470588235,0.6633135381404174,0.2354815099762932
5,epa_pace,walk_forward,2024,272,0.6397058823529411,0.6430617322416756,0.2257156019549279
5,epa_pace,walk_forward,2025,272,0.6323529411764706,0.6255192898624227,0.21840867479072457
5,epa_pace,fixed_holdout,all,544,0.6397058823529411,0.633854673783496,0.22184828476509888
5,epa_rest,walk_forward,2020,256,0.62890625,0.6590577378043085,0.23256626601821712
5,epa_rest,walk_forward,2021,272,0.5955882352941176,0.6630117871461417,0.2347873230541309
5,epa_rest,walk_forward,2022,271,0.6273062730627307,0.6513565806911382,0.22958452183127073
5,epa_rest,walk_forward,2023,272,0.6286764705882353,0.663013940850972,0.2353422208490382
5,epa_rest,walk_forward,2024,272,0.6470588235294118,0.6428151913348906,0.22553190365258927
5,epa_rest,walk_forward,2025,272,0.6323529411764706,0.6259078381221711,0.2185240160756944
5,epa_rest,fixed_holdout,all,544,0.6397058823529411,0.6339525565389648,0.22182240991796018
5,pace,walk_forward,2020,256,0.5078125,0.7135773445331037,0.2600037677958378
5,pace,walk_forward,2021,272,0.5441176470588235,0.6850320656387524,0.24599867486375668
5,pace,walk_forward,2022,271,0.5571955719557196,0.6811417374150317,0.2440509015622814
5,pace,walk_forward,2023,272,0.5882352941176471,0.6846461757857822,0.24577970699898777
5,pace,walk_forward,2024,272,0.5404411764705882,0.6901550500832102,0.24849955052532663
5,pace,walk_forward,2025,272,0.5441176470588235,0.6813278636513642,0.24415949475378546
5,pace,fixed_holdout,all,544,0.5422794117647058,0.6856920753290219,0.24630703644498617
5,rest,walk_forward,2020,256,0.49609375,0.7126913308537167,0.25642379687841
5,rest,walk_forward,2021,272,0.5147058823529411,0.6945854227429561,0.25071460041243204
5,rest,walk_forward,2022,271,0.5571955719557196,0.6868441160764971,0.2468547582886956
5,rest,walk_forward,2023,272,0.5551470588235294,0.6868071184512159,0.24683689590395322
5,rest,walk_forward,2024,272,0.5330882352941176,0.6913849022582224,0.2491175886075411
5,rest,walk_forward,2025,272,0.5367647058823529,0.6904029372340114,0.24862930092851876
5,rest,fixed_holdout,all,544,0.5349264705882353,0.6909151317527945,0.2488839822943498
8,all,walk_forward,2020,256,0.609375,0.6512249800301837,0.22907701558687782
8,all,walk_forward,2021,272,0.6139705882352942,0.6522100864881241,0.22995730963353037
8,all,walk_forward,2022,271,0.6236162361623616,0.6466105960891921,0.22733401994998464
8,all,walk_forward,2023,272,0.5955882352941176,0.6590644745018743,0.23326772043061586
8,all,walk_forward,2024,272,0.6507352941176471,0.6311548890240516,0.22080995643883505
8,all,walk_forward,2025,272,0.6176470588235294,0.6407129406667359,0.2253585659272365
8,all,fixed_holdout,all,544,0.6323529411764706,0.6359033145550913,0.22306385864178768
8,epa,walk_forward,2020,256,0.61328125,0.6415523931606186,0.2259988726668995
8,epa,walk_forward,2021,272,0.6066176470588235,0.6512107332189506,0.22944240542792543
8,epa,walk_forward,2022,271,0.6383763837638377,0.6454157440920772,0.22672552696812082
8,epa,walk_forward,2023,272,0.5955882352941176,0.6597831462448899,0.23356581499643117
8,epa,walk_forward,2024,272,0.6507352941176471,0.6312202933270129,0.2208213275287851
8,epa,walk_forward,2025,272,0.6213235294117647,0.6404052661527669,0.22518446162879419
8,epa,fixed_holdout,all,544,0.6360294117647058,0.6358250983718579,0.22300748982330657
8,epa_pace,walk_forward,2020,256,0.61328125,0.6430273308694153,0.22666975207230566
8,epa_pace,walk_forward,2021,272,0.6176470588235294,0.6524456460362948,0.23004184047606077
8,epa_pace,walk_forward,2022,271,0.6236162361623616,0.6465770624718106,0.22731000800709505
8,epa_pace,walk_forward,2023,272,0.5955882352941176,0.6596892607989919,0.23352745573712902
8,epa_pace,walk_forward,2024,272,0.6544117647058824,0.6311084658418198,0.22077023605110727
8,epa_pace,walk_forward,2025,272,0.6176470588235294,0.6406920274900845,0.22535755469292149
8,epa_pace,fixed_holdout,all,544,0.6360294117647058,0.6358734215966839,0.22304524378106186
8,epa_rest,walk_forward,2020,256,0.61328125,0.649496828026572,0.22839206095594555
8,epa_rest,walk_forward,2021,272,0.6066176470588235,0.6509152411131351,0.22932825961930933
8,epa_rest,walk_forward,2022,271,0.6383763837638377,0.6453825431773106,0.22671614925167524
8,epa_rest,walk_forward,2023,272,0.5955882352941176,0.659132405170604,0.2332956440096646
8,epa_rest,walk_forward,2024,272,0.6470588235294118,0.6312571420919841,0.22085691959245504
8,epa_rest,walk_forward,2025,272,0.6176470588235294,0.6404482258228912,0.22519854011779347
8,epa_rest,fixed_holdout,all,544,0.6323529411764706,0.635861379238401,0.22303070346168644
8,pace,walk_forward,2020,256,0.48828125,0.7140718515038409,0.2601625828760083
8,pace,walk_forward,2021,272,0.5257352941176471,0.688958126576286,0.24792973509100888
8,pace,walk_forward,2022,271,0.5608856088560885,0.6802698310382724,0.24360659621901287
8,pace,walk_forward,2023,272,0.5404411764705882,0.6838018098104249,0.24537135432572488
8,pace,walk_forward,2024,272,0.5404411764705882,0.6890185521633407,0.2479642463692415
8,pace,walk_forward,2025,272,0.5551470588235294,0.6877338349850892,0.24733620573524143
8,pace,fixed_holdout,all,544,0.5514705882352942,0.6883974036209554,0.2476609022790761
8,rest,walk_forward,2020,256,0.49609375,0.7126913308537167,0.25642379687841
8,rest,walk_forward,2021,272,0.5147058823529411,0.6945854227429561,0.25071460041243204
8,rest,walk_forward,2022,271,0.5571955719557196,0.6868441160764971,0.2468547582886956
8,rest,walk_forward,2023,272,0.5551470588235294,0.6868071184512159,0.24683689590395322
8,rest,walk_forward,2024,272,0.5330882352941176,0.6913849022582224,0.2491175886075411
8,rest,walk_forward,2025,272,0.5367647058823529,0.6904029372340114,0.24862930092851876
8,rest,fixed_holdout,all,544,0.5349264705882353,0.6909151317527945,0.2488839822943498
